Workbook

Sheet Scorecard
A1: Production App Scorecard — 51 Evaluation Categories
A2: Enter a Score (0-100) in column G for each category. Weighted totals calculate automatically. Blue cells = your inputs.
A4: # | B4: Category | C4: What It Measures | D4: Type | E4: Cadence | F4: Weight | G4: Score (0-100) | H4: Weighted Score | I4: Notes / Last Change
A5: 1 | B5: Tool breadth | C5: Total tools listed, category coverage, catalog scale | D5: Product-specific | E5: Core | F5: 3 | G5: 95 | H5: =IF(G5="","",G5*F5) | I5: Sep 12 2026: 1,145 tools, 21 cats; minus one dead stub removed Sep 12
A6: 2 | B6: Depth | C6: Richness of per-tool data (pricing, features, reviews, use-cases) | D6: Product-specific | E6: Core | F6: 3 | G6: 76 | H6: =IF(G6="","",G6*F6) | I6: Sep 15 2026: 49 tools deepened w/ worked-example FAQs + 21 hub intros rewritten; 288/1144 w/ 4+ FAQs; tail 847 zero-custom via fallback (bulk path pending)
A7: 3 | B7: Data freshness/accuracy | C7: How current/correct tool listings are; deprecation handling | D7: Product-specific | E7: Core | F7: 3 | G7: 82 | H7: =IF(G7="","",G7*F7) | I7: Sep 12 2026: Redirect net + stub removal; sitemap/OG generated
A8: 4 | B8: Search/discovery quality | C8: Filtering, search relevance, recommendation logic | D8: Product-specific | E8: Core | F8: 3 | G8: 93 | H8: =IF(G8="","",G8*F8) | I8: Sep 12 2026: fuse typo-tolerant Cmd+K + token-AND ranking + 30 seeded synonyms + missed-query log + admin panel. Verified live queries.
A9: 5 | B9: Comparison/decision support | C9: Side-by-side comparisons, decision aids | D9: Product-specific | E9: Milestone | F9: 2 | G9: 78 | H9: =IF(G9="","",G9*F9) | I9: Sep 12 2026: Pricing compare tables on /pricing + premium page
A10: 6 | B10: UX | C10: User flows, task completion ease, friction points | D10: Design | E10: Core | F10: 2 | G10: 78 | H10: =IF(G10="","",G10*F10) | I10: Sep 12 2026: Good flows; 6-7 first-touch bugs found+fixed Sep 12
A11: 7 | B11: UI | C11: Visual interface quality, component consistency | D11: Design | E11: Core | F11: 2 | G11: 80 | H11: =IF(G11="","",G11*F11) | I11: Sep 12 2026: Shared shells/CSS vars; lock-card fit issue fixed, needs eyes
A12: 8 | B12: Design | C12: Overall visual identity, branding, polish | D12: Design | E12: Milestone | F12: 1 | G12: 78 | H12: =IF(G12="","",G12*F12) | I12: Sep 12 2026: Solid premium look; Session 4 naming still pending
A13: 9 | B13: Accessibility | C13: WCAG compliance, screen reader support, keyboard nav | D13: Design | E13: Milestone | F13: 2 | G13: 95 | H13: =IF(G13="","",G13*F13) | I13: Sep 14 2026: 95 — all 9 tab sets complete (shared useRovingTabs hook, panels paired); worst-offender sweep (Copy/Download object-named, single letters expanded, duplicates qualified); unnamed/vague/generic scans all 0; tsc clean; targeted tests 13/13. Residual to 97+: human Session-4 dense-page pass, full-suite CI green on push (1208/1208); DEPLOYED to production (Pages build 8f7e1de8, commit 256ce85d). Residual to 97+: human Session-4 dense-page pass only.
A14: 10 | B14: Mobile/Desktop/Tablet/PWA & Device Responsiveness | C14: Cross-device layout adaptation, PWA install/offline support | D14: Design | E14: Core | F14: 2 | G14: 78 | H14: =IF(G14="","",G14*F14) | I14: Sep 12 2026: Responsive + Capacitor; PWA manifest fixed Sep 12
A15: 11 | B15: SEO foundation | C15: Meta tags, sitemap, crawlability, page speed for indexing | D15: Growth | E15: Core | F15: 2 | G15: 85 | H15: =IF(G15="","",G15*F15) | I15: Sep 12 2026: Sitemap/OG/meta/redirects all generated + tested
A16: 12 | B16: Code quality | C16: Readability, standards adherence, linting, code smells | D16: Engineering | E16: Core | F16: 2 | G16: 78 | H16: =IF(G16="","",G16*F16) | I16: Sep 12 2026: Lint 0 errors; 2386 warnings; strong conventions
... A55: 51 | B55: Privacy-by-design review process | C55: Formal privacy impact assessment before features ship, not after | D55: Security | E55: Milestone | F55: 1 | G55: 55 | H55: =IF(G55="","",G55*F55) | I55: Sep 12 2026: Ad-hoc reviews live, no formal process
B57: TOTALS / COMPOSITE SCORE | F57: =SUM(F5:F55) | H57: =SUMPRODUCT((G5:G55<>"")*F5:F55*IF(G5:G55="",0,G5:G55))
G58: Weighted sum of scored rows: | H58: =SUMPRODUCT((G5:G55<>"")*F5:F55)
G59: Composite Score (0-100): | H59: =IF(H58=0,"—",ROUND(H57/H58,1))

Sheet Summary by Type
A1: Composite Score by Type
A3: Type | B3: Weighted Score Sum | C3: Weight Sum | D3: Avg Score (0-100)
A4: Product-specific | B4: =SUMPRODUCT((Scorecard!$D$5:$D$55=A4)*(Scorecard!$G$5:$G$55<>"")*Scorecard!$F$5:$F$55*IF(Scorecard!$G$5:$G$55="",0,Scorecard!$G$5:$G$55)) | C4: =SUMPRODUCT((Scorecard!$D$5:$D$55=A4)*(Scorecard!$G$5:$G$55<>"")*Scorecard!$F$5:$F$55) | D4: =IF(C4=0,"—",ROUND(B4/C4,1))
A5: Design | B5: =SUMPRODUCT((Scorecard!$D$5:$D$55=A5)*(Scorecard!$G$5:$G$55<>"")*Scorecard!$F$5:$F$55*IF(Scorecard!$G$5:$G$55="",0,Scorecard!$G$5:$G$55)) | C5: =SUMPRODUCT((Scorecard!$D$5:$D$55=A5)*(Scorecard!$G$5:$G$55<>"")*Scorecard!$F$5:$F$55) | D5: =IF(C5=0,"—",ROUND(B5/C5,1))
A6: Growth | B6: =SUMPRODUCT((Scorecard!$D$5:$D$55=A6)*(Scorecard!$G$5:$G$55<>"")*Scorecard!$F$5:$F$55*IF(Scorecard!$G$5:$G$55="",0,Scorecard!$G$5:$G$55)) | C6: =SUMPRODUCT((Scorecard!$D$5:$D$55=A6)*(Scorecard!$G$5:$G$55<>"")*Scorecard!$F$5:$F$55) | D6: =IF(C6=0,"—",ROUND(B6/C6,1))
A7: Engineering | B7: =SUMPRODUCT((Scorecard!$D$5:$D$55=A7)*(Scorecard!$G$5:$G$55<>"")*Scorecard!$F$5:$F$55*IF(Scorecard!$G$5:$G$55="",0,Scorecard!$G$5:$G$55)) | C7: =SUMPRODUCT((Scorecard!$D$5:$D$55=A7)*(Scorecard!$G$5:$G$55<>"")*Scorecard!$F$5:$F$55) | D7: =IF(C7=0,"—",ROUND(B7/C7,1))
A8: Ops | B8: =SUMPRODUCT((Scorecard!$D$5:$D$55=A8)*(Scorecard!$G$5:$G$55<>"")*Scorecard!$F$5:$F$55*IF(Scorecard!$G$5:$G$55="",0,Scorecard!$G$5:$G$55)) | C8: =SUMPRODUCT((Scorecard!$D$5:$D$55=A8)*(Scorecard!$G$5:$G$55<>"")*Scorecard!$F$5:$F$55) | D8: =IF(C8=0,"—",ROUND(B8/C8,1))
A9: Security | B9: =SUMPRODUCT((Scorecard!$D$5:$D$55=A9)*(Scorecard!$G$5:$G$55<>"")*Scorecard!$F$5:$F$55*IF(Scorecard!$G$5:$G$55="",0,Scorecard!$G$5:$G$55)) | C9: =SUMPRODUCT((Scorecard!$D$5:$D$55=A9)*(Scorecard!$G$5:$G$55<>"")*Scorecard!$F$5:$F$55) | D9: =IF(C9=0,"—",ROUND(B9/C9,1))
A10: Data | B10: =SUMPRODUCT((Scorecard!$D$5:$D$55=A10)*(Scorecard!$G$5:$G$55<>"")*Scorecard!$F$5:$F$55*IF(Scorecard!$G$5:$G$55="",0,Scorecard!$G$5:$G$55)) | C10: =SUMPRODUCT((Scorecard!$D$5:$D$55=A10)*(Scorecard!$G$5:$G$55<>"")*Scorecard!$F$5:$F$55) | D10: =IF(C10=0,"—",ROUND(B10/C10,1))
A11: Reach | B11: =SUMPRODUCT((Scorecard!$D$5:$D$55=A11)*(Scorecard!$G$5:$G$55<>"")*Scorecard!$F$5:$F$55*IF(Scorecard!$G$5:$G$55="",0,Scorecard!$G$5:$G$55)) | C11: =SUMPRODUCT((Scorecard!$D$5:$D$55=A11)*(Scorecard!$G$5:$G$55<>"")*Scorecard!$F$5:$F$55) | D11: =IF(C11=0,"—",ROUND(B11/C11,1))
A12: Performance | B12: =SUMPRODUCT((Scorecard!$D$5:$D$55=A12)*(Scorecard!$G$5:$G$55<>"")*Scorecard!$F$5:$F$55*IF(Scorecard!$G$5:$G$55="",0,Scorecard!$G$5:$G$55)) | C12: =SUMPRODUCT((Scorecard!$D$5:$D$55=A12)*(Scorecard!$G$5:$G$55<>"")*Scorecard!$F$5:$F$55) | D12: =IF(C12=0,"—",ROUND(B12/C12,1))

Sheet How to Use
A1: How to Use This Scorecard
A3: 1. Score each category | B3: Go to the 'Scorecard' tab. For every row, enter a score from 0-100 in the yellow 'Score' column based on your app's current state.
A5: 2. Adjust weights (optional) | B5: The 'Weight' column (1-3) reflects relative importance. Product-specific and Security items default higher. Change these if your priorities differ.
A7: 3. Read the composite score | B7: At the bottom of the Scorecard tab, the Composite Score auto-calculates as a weighted average (0-100) across every row you've scored. Unscored rows are excluded automatically.
A9: 4. Check the Summary by Type tab | B9: Breaks your composite score down by category type (Design, Engineering, Security, etc.) so you can see your strongest and weakest areas at a glance.
A11: 5. Core vs Milestone cadence | B11: Rows tagged 'Core' (~20 rows) are meant to be re-scored every audit cycle (e.g. monthly/bi-weekly). Rows tagged 'Milestone' (~31 rows) are meant to be revisited quarterly or at major releases — re-scoring all 51 every cycle causes audit fatigue.
A13: 6. Track change over time | B13: Use the 'Notes / Last Change' column to log deltas each cycle, e.g. 'improved +5, added caching' or 'unchanged since Sep audit' — the same way you tracked Tool Breadth and Depth.
A15: 7. Reuse this file | B15: Duplicate this workbook each audit cycle (e.g. 'Scorecard_2026-09.xlsx', 'Scorecard_2026-12.xlsx') so you can compare composite scores across time.
